fieldID,fieldName,fieldType,defaultValue,secondaryValue,fieldDescription,minValue,maxValue,tab
officerextension_Header,通用,Header,通用,,,,,
officerextension_suspendedOfficerMonthlySalaryFraction,停职军官工资,Double,0.1,,停职军官月薪百分比,0,1,
officerextension_suspendOfficerCostMultiplier,停职费用,Double,12,,军官停职费用倍率（相对月薪）,0,24,
officerextension_demoteOfficerSPCost,降级故事点消耗,Int,1,,军官降级消耗的故事点,0,2,
officerextension_demoteOfficerBonusXPFraction,降级额外经验,Double,1,,花费故事点降级军官获得的额外经验比例,0,1,
officerextension_forgetEliteSkillBonusXPFraction,遗忘技能额外经验,Double,0,,军官遗忘精英技能时获得的额外经验比例,0,1,
officerextension_idleOfficersXPFraction,闲置军官经验获取,Double,0,,未分配军官获取的经验比例（相对已分配军官部署获得的经验）,0,1,
officerextension_skillChoicesNotMentored,非指导军官技能可选项,Int,0,,未进行指导的军官升级时获得技能的可选选项数量，原版设置为0,0,15,
officerextension_skillChoicesMentored,指导军官技能可选项,Int,0,,已进行指导的军官升级时获得技能的可选选项数量，原版设置为0,0,15,
officerextension_shouldShowFleetCommanderSkills,显示敌对舰队指挥官技能,Boolean,true,,是否在首次接触时显示敌方舰队指挥官的战斗相关技能,,,
officerextension_shouldSplitFleetCommanderSkills,分开显示战斗和领导技能,Boolean,true,,"是否将个人技能和舰队技能分为两部分显示，如果""显示敌对舰队指挥官技能""关闭则无效",,,
officerextension_officerFilterPersistentTags,永久筛选标签,String,,,跨存档通用的自定义军官筛选标签列表，标签之间使用英文逗号分隔，为空（或全空格）时使用 officerextension_settings.json 的设置,,,